"","snp","pos"
"82","rs2049963",186851216
"3887","GSA-rs4295735",91344487
"4055","GSA-rs9721559",92465642
"5973","GSA-rs10820730",107536022
"5976","GSA-rs4149339",107545156
"5977","GSA-rs4149338",107545903
"9069","GSA-rs10818930",126991185
"9313","GSA-rs62578123",129369399
"10799","GSA-rs4842180",137755595
"11358","GSA-rs11791658",140605202
"11366","GSA-rs4526432",140734161
"12757","rs768546",28101137
"12758","GSA-rs4778199",28106587
"13976","rs870288",5585852
"14014","rs17512046",5773242
"14018","GSA-rs8063739",5778928
